Oversampling Factor,Noise Level,Amplitude Error Mean,Amplitude Error Std,Frequency Error Mean,Frequency Error Std,Backward Error Mean,Backward Error Std,Relative Backward Error Mean,Relative Backward Error Std,Condition Number Mean,Condition Number Std,Condition Number Min,Condition Number Max,Condition Number Median,Amplitude Error Ratio Mean,Amplitude Error Ratio Std,Frequency Error Ratio Mean,Frequency Error Ratio Std,RMSE Mean,RMSE Std,Rel RMSE Mean,Rel RMSE Std,Backward Error Fixed Mean,Backward Error Fixed Std,Relative Backward Error Fixed Mean,Relative Backward Error Fixed Std,RMSE Fixed Mean,RMSE Fixed Std,Rel RMSE Fixed Mean,Rel RMSE Fixed Std
1,0.0,1.3569081209104417e-15,3.944304526105059e-31,3.9001301185285697e-16,0.0,7.506669372775021e-15,1.5777218104420236e-30,1.5815674265468857e-15,3.944304526105059e-31,9408768399247044.0,2.0,9408768399247046.0,9408768399247046.0,9408768399247046.0,0.18076034170782035,5.551115123125783e-17,0.051955533470988496,6.938893903907228e-18,2.5022231242583407e-15,3.944304526105059e-31,1.5815674265468849e-15,1.9721522630525295e-31,7.506669372775021e-15,1.5777218104420236e-30,1.5815674265468857e-15,3.944304526105059e-31,2.5022231242583407e-15,3.944304526105059e-31,1.5815674265468849e-15,1.9721522630525295e-31
1,0.05555555555555555,0.058128068129608156,0.0214873082424531,0.008654699627898,0.0031052767266907463,0.05499463414981845,0.029079035982158746,0.011579256710749391,0.006121331158718748,115.86305271576633,129.15548616972606,18.83247826076506,1660.7686021068787,79.03457339105073,1.606952771652646,2.0444474593061317,0.2384499641638296,0.29289378103500274,0.018331544716606155,0.009693011994052916,0.011579256710749386,0.0061213311587187446,0.05499463414981845,0.029079035982158746,0.011579256710749391,0.006121331158718748,0.018331544716606155,0.009693011994052916,0.011579256710749386,0.0061213311587187446
1,0.1111111111111111,0.11668866340392013,0.04363400716946021,0.017386920454988197,0.006313986301492091,0.10980223490264342,0.057952252880163285,0.02308049472237043,0.0121779233011162,59.17936845534724,75.53061782268756,9.727249631878859,1349.3319552008636,39.29841068578035,1.644011861352574,2.372218807755622,0.24297687461943818,0.32329351710123294,0.0366007449675478,0.019317417626721095,0.023080494722370417,0.012177923301116195,0.10980223490264342,0.057952252880163285,0.02308049472237043,0.0121779233011162,0.0366007449675478,0.019317417626721095,0.023080494722370417,0.012177923301116195
1,0.16666666666666666,0.17621312113280965,0.06712487152768229,0.026292520448781127,0.00977549150257816,0.16424337274872924,0.08640371468765107,0.03443127351240991,0.018108849458446086,40.05676547211513,51.91413348985869,6.855286255197083,741.7760413475605,26.567379310757218,1.6687942937008602,2.4078271260612056,0.2471402840552593,0.3399226145482881,0.0547477909162431,0.02880123822921702,0.03443127351240989,0.018108849458446076,0.16424337274872924,0.08640371468765107,0.03443127351240991,0.018108849458446086,0.0547477909162431,0.02880123822921702,0.03443127351240989,0.018108849458446076
1,0.2222222222222222,0.23725860931310985,0.09277546373246456,0.03547763665056367,0.013687249035293421,0.21807059420946423,0.1140721533312456,0.045547188471816186,0.023825704921807914,30.459778771246505,42.73857833925543,5.6438513320147194,786.9661668448078,19.971296508059012,1.6888450750183992,2.568217758254234,0.2504481159226352,0.3688674961047513,0.07269019806982141,0.0380240511104152,0.04554718847181616,0.023825704921807904,0.21807059420946423,0.1140721533312456,0.045547188471816186,0.023825704921807914,0.07269019806982141,0.0380240511104152,0.04554718847181616,0.023825704921807904
1,0.2777777777777778,0.30038838648847166,0.12162008194315205,0.045055030186302136,0.018296758800045245,0.2709015789188226,0.14054491356950016,0.05631932828013591,0.029236501520647083,24.419721903428602,31.794527685021716,5.055675609660918,461.58511474679915,16.195777543549468,1.6924646164670192,2.374908399818134,0.25044533874395264,0.33271780306422744,0.0903005263062742,0.04684830452316672,0.056319328280135875,0.029236501520647065,0.2709015789188226,0.14054491356950016,0.05631932828013591,0.029236501520647083,0.0903005263062742,0.04684830452316672,0.056319328280135875,0.029236501520647065
1,0.3333333333333333,0.36602418986865326,0.15400033075912262,0.05513717111876315,0.023787779288765493,0.32227581035326236,0.16566799084407227,0.06662740224404823,0.03430541164391587,20.61124758181779,27.036740402559367,4.228769613453122,410.7265672066572,13.616117217075557,1.7175060088712866,2.420086222802925,0.2551503052279752,0.3573671919362418,0.10742527011775412,0.05522266361469076,0.0666274022440482,0.03430541164391585,0.32227581035326236,0.16566799084407227,0.06662740224404823,0.03430541164391587,0.10742527011775412,0.05522266361469076,0.0666274022440482,0.03430541164391585
1,0.38888888888888884,0.43509817893244546,0.19199613555452555,0.06589407031728498,0.03050845843395682,0.37171590393473447,0.18935307758492498,0.07635304888601968,0.03900169389571058,17.661311472986103,21.344788128277337,3.6693105002660147,256.94476501033023,11.81658603337744,1.7182411347731863,2.1374044251567725,0.2559006677008058,0.308840747621385,0.12390530131157816,0.06311769252830833,0.07635304888601965,0.03900169389571056,0.37171590393473447,0.18935307758492498,0.07635304888601968,0.03900169389571058,0.12390530131157816,0.06311769252830833,0.07635304888601965,0.03900169389571056
1,0.4444444444444444,0.5079264936848125,0.23595978208170315,0.08116432345069322,0.08665999356898861,0.4187328114763726,0.21172750867805137,0.08538218640582204,0.04333830834587574,15.724441646064323,19.948915386839744,3.2833597696851218,335.47573499669176,10.66188652582635,1.75817348201512,2.20676621261731,0.2685634045409107,0.3376456326661239,0.13957760382545753,0.07057583622601712,0.08538218640582201,0.043338308345875716,0.4187328114763726,0.21172750867805137,0.08538218640582204,0.04333830834587574,0.13957760382545753,0.07057583622601712,0.08538218640582201,0.043338308345875716
1,0.5,0.5849795249972394,0.2869546407472098,0.10159162119321888,0.1429300141232672,0.46307139550177384,0.23299755378258064,0.09365852588599706,0.04735640710792056,14.335673025073884,19.53238397140753,3.2655305640469003,404.77989866662784,9.796465526392405,1.8233529024756026,2.380496362280998,0.2990210625265629,0.46754670678438004,0.1543571318339246,0.0776658512608602,0.093658525885997,0.04735640710792053,0.46307139550177384,0.23299755378258064,0.09365852588599706,0.04735640710792056,0.1543571318339246,0.0776658512608602,0.093658525885997,0.04735640710792053
2,0.0,2.1401809465520557e-15,0.0,3.799907177450663e-16,1.4791141972893971e-31,9.05262845271589e-15,1.5777218104420236e-30,1.794825224388951e-15,3.944304526105059e-31,4759993361891175.0,0.0,4759993361891175.0,4759993361891175.0,4759993361891175.0,0.23641541876271066,8.326672684688674e-17,0.0419757333165557,6.938893903907228e-18,2.510747389537797e-15,7.888609052210118e-31,1.7948252243889508e-15,3.944304526105059e-31,6.080200037317089e-15,7.888609052210118e-31,1.2810270238870247e-15,0.0,2.0267333457723633e-15,0.0,1.281027023887024e-15,1.9721522630525295e-31
2,0.05555555555555555,0.04703218398357491,0.016361753685001146,0.005480624815988443,0.0016195202698044244,0.12870384418069972,0.03277088759926728,0.02549999901638983,0.006499814104884457,43.67857194002083,13.483995826671027,18.51339031944476,115.75824648115133,41.55976813323331,0.38444303233578253,0.16061022063076394,0.04424354960221812,0.014253784090708271,0.03569602381098773,0.009089008890894246,0.025499999016389815,0.006499814104884452,0.09350564698066084,0.02614291005825379,0.019691532097289282,0.005514951151724535,0.031168548993553615,0.008714303352751262,0.01969153209728927,0.005514951151724533
2,0.1111111111111111,0.09461612849325443,0.033251174715199665,0.011053630848375838,0.0033467912355573315,0.25800970542856644,0.06610470015549019,0.0510107476913972,0.013091612640547772,21.92130520630154,6.758352655611267,9.47805038052029,57.431404270920275,20.771580572549446,0.3858627616838338,0.16176185838622364,0.04448960184196855,0.014363547812407203,0.07155901711461969,0.01833414507383017,0.05101074769139717,0.013091612640547763,0.18741981019037235,0.05268404626223382,0.03941291378181353,0.011127816635321044,0.062473270063457445,0.017561348754077943,0.03941291378181352,0.01112781663532104
2,0.16666666666666666,0.1432691602040787,0.051033763303321496,0.016825538618551864,0.005309359791626849,0.38855023373559133,0.10072181638820232,0.0765475168311653,0.01987747987143893,14.703436862512328,4.520701544548674,6.548095419061133,37.984198850500356,13.925471363818476,0.38808048300667825,0.16331262093610005,0.044927595011955035,0.01461777452388277,0.1077644454482456,0.027935205657348663,0.07654751683116526,0.019877479871438918,0.28223871802254463,0.08013592620867627,0.05921050706269675,0.01694233350490829,0.09407957267418154,0.02671197540289209,0.05921050706269672,0.016942333504908286
2,0.2222222222222222,0.19361407839876715,0.07014697797763288,0.022948924264712296,0.007677738101102744,0.5210004059583355,0.13765053265947816,0.10213412799732156,0.02701179403634885,11.121097963765624,3.4046266547294537,5.028303941307349,28.257888001110558,10.517201617390242,0.3912518641696569,0.16530600931427789,0.04561718211713443,0.015035156242748914,0.14449951370925634,0.03817738873835992,0.10213412799732151,0.027011794036348836,0.37849570438103425,0.10909636007324551,0.07913641433307325,0.023070362318797135,0.12616523479367808,0.0363654533577485,0.07913641433307321,0.023070362318797125
2,0.2777777777777778,0.246450705184504,0.09129567947466091,0.029629165728072428,0.01082172012670731,0.6559763776548648,0.17801718477447037,0.12778316331636327,0.034656560865833845,8.993931633577096,2.7366703053942114,4.124112368628004,22.519964429691353,8.533340982078498,0.3956074945406872,0.16786577466862287,0.04662136651160064,0.015764143558315177,0.18193511270213425,0.04937308366293079,0.12778316331636322,0.03465656086583383,0.4767433127204431,0.14020188009050694,0.09924356176204545,0.029615557490432164,0.158914437573481,0.04673396003016898,0.0992435617620454,0.029615557490432147
2,0.3333333333333333,0.302745249640077,0.1157560076177114,0.037139390366365495,0.015440916421210354,0.7936044063016372,0.22120919666310357,0.15341506626241813,0.042649050922511,7.595580950598386,2.2922652930991685,3.517622405291218,18.97776624662817,7.218338016259185,0.4014835946975219,0.1713216169607714,0.04803980338871429,0.017135478534144304,0.22010625995036232,0.06135239239792443,0.15341506626241805,0.04264905092251098,0.5774302120316965,0.17372132345754027,0.11955979070599253,0.036590808960714476,0.1924767373438989,0.057907107819180084,0.11955979070599247,0.036590808960714455
2,0.38888888888888884,0.3642986180611532,0.14801402847205528,0.04610631479265887,0.024695612320190522,0.9333654234259247,0.2645823672119992,0.17883410743827968,0.05047563112959014,6.615157070460445,1.9752285673788297,3.0155296988836704,16.446391887614027,6.297155412601196,0.4098444108617696,0.17699649563601796,0.050202050185902014,0.0205239153629321,0.25886899176210226,0.07338194550511579,0.17883410743827957,0.05047563112959011,0.6807052456738084,0.2093989299782945,0.14004937378798754,0.04390182106410856,0.22690174855793618,0.06979964332609816,0.14004937378798746,0.04390182106410854
2,0.4444444444444444,0.43462515082808034,0.2072114792355648,0.06005459038721004,0.08057183519042964,1.0752283527546225,0.30853208728845744,0.20394587398094663,0.05816904393768435,5.897671357429052,1.7374924778572185,2.6540831122574495,14.546542689422006,5.6355084584154955,0.42226924388835624,0.19120258055785058,0.055678997736195696,0.0637656253386669,0.2982146891299594,0.08557140468034342,0.2039458739809465,0.058169043937684316,0.7867389972070837,0.2475950313876159,0.16067776176252205,0.05154300889426215,0.26224633240236117,0.08253167712920531,0.160677761762522,0.051543008894262124
2,0.5,0.5124991479708522,0.28396840233972637,0.08150064700023074,0.14569749020396677,1.2190138903942602,0.3530667559149184,0.22862861555682992,0.06557819176177056,5.3567794251636895,1.5535259910478232,2.390244344870368,13.067659350861934,5.115420990478904,0.43684117724997373,0.21031783944892996,0.0653753827933295,0.10562382915389748,0.33809362210148813,0.09792309939330514,0.22862861555682976,0.06557819176177052,0.8952325758363834,0.2868322983488034,0.18131665573047684,0.059124874500763265,0.29841085861212774,0.0956107661162678,0.18131665573047673,0.05912487450076324
3,0.0,2.300147002582379e-15,3.944304526105059e-31,2.5668337130259133e-16,0.0,7.820500901669599e-15,3.1554436208840472e-30,1.5148210328249135e-15,0.0,2875424899301108.5,0.0,2875424899301108.5,2875424899301108.5,2875424899301108.5,0.2941176059568411,0.0,0.03282185815588768,2.0816681711721685e-17,1.8967500742836404e-15,3.944304526105059e-31,1.5148210328249127e-15,3.944304526105059e-31,5.067295021666675e-15,1.5777218104420236e-30,1.0676197856851306e-15,0.0,1.6890983405555583e-15,5.9164567891575885e-31,1.0676197856851299e-15,1.9721522630525295e-31
3,0.05555555555555555,0.042141005978089056,0.015325340811358277,0.004360953344416318,0.0013093886377175137,0.17177333493151384,0.034936515561439105,0.03324463644798565,0.006773045158844201,35.536408572642046,8.3974527599169,18.284833145362278,73.72664281602607,34.376559199580456,0.2527732455422858,0.09985420786999377,0.025938959994285204,0.007972317246742707,0.04166115315219007,0.008473349638285207,0.033244636447985636,0.006773045158844196,0.09968545438804327,0.02669272253250487,0.020993455199722313,0.005633075883105556,0.03322848479601442,0.008897574177501623,0.020993455199722302,0.005633075883105553
3,0.1111111111111111,0.08521802257557701,0.031231988006351307,0.008886474707895881,0.002760166484160012,0.34555263483839144,0.07124663957588015,0.06669841758026719,0.013786217009967435,17.83460327155193,4.206176734912084,9.268248430303654,36.89867132135105,17.303680933888973,0.25404381773080353,0.10047674144306487,0.02623480608202871,0.008094797667282815,0.08380882427348099,0.01727984826127443,0.06669841758026715,0.013786217009967426,0.20059086642718396,0.054159099451989025,0.042185539861089014,0.011453267499653577,0.06686362214239466,0.01805303315066301,0.042185539861088986,0.01145326749965357
3,0.16666666666666666,0.13008942114639307,0.04810316773018522,0.013748589583747951,0.004490591079046152,0.5231628728304879,0.11039599898503982,0.1005268813461644,0.02126270768408051,11.961641625297666,2.8118389209510553,6.228082751164581,24.642861353132115,11.603478838395889,0.2560290447700272,0.10109878096043573,0.026736296572555596,0.008294226073026097,0.12688563435774597,0.026774962615347012,0.10052688134616435,0.021262707684080496,0.3038070915547935,0.08302813538121298,0.06374368828887143,0.017597107667060775,0.10126903051826451,0.027676045127070992,0.0637436882888714,0.01759710766706077
3,0.2222222222222222,0.17753672058383616,0.06638933104724576,0.01912081720427545,0.0067163249362894445,0.705954448534647,0.15346219954039397,0.1348012659794337,0.0293427261311815,9.046346263425058,2.1165282630384077,4.67857780593241,18.529741369675087,8.787155182429167,0.2587429840697905,0.10185935982209211,0.027450386933058936,0.008664525758613087,0.17121910342253036,0.0372200504849799,0.1348012659794336,0.029342726131181482,0.4102682197723024,0.11369597355772357,0.0857978532990986,0.02414057535526406,0.1367560732574341,0.03789865785257452,0.08579785329909856,0.02414057535526405
3,0.2777777777777778,0.2282649004228042,0.08657932599203376,0.025209872507584923,0.009796825418558402,0.8946902912380676,0.20058536541688868,0.16947903062396333,0.03797812941919095,7.31474483307497,1.7005648240177786,3.758388081604478,14.873449577875158,7.1030829965826205,0.26224955342954204,0.10296895527303161,0.028416187839072397,0.009376242878971304,0.2169942689993635,0.048649096974526344,0.16947903062396322,0.03797812941919093,0.5208342025306433,0.1463667840351656,0.10845594507802656,0.03110117866541008,0.1736114008435478,0.048788928011721855,0.1084559450780265,0.031101178665410064
3,0.3333333333333333,0.2831022594046475,0.10937605680592134,0.032324436312653575,0.014485179684010658,1.0893955405914555,0.25008601574122646,0.20438010767837397,0.04676100493724484,6.1758112203366125,1.4239458480622431,3.1716434694286817,12.44539504555551,6.009163645244206,0.2667787647480046,0.10473365699300405,0.029731648490326706,0.01079583901233256,0.2642172283491425,0.06065476814064457,0.20438010767837386,0.046761004937244804,0.6363888847172414,0.18133104985419624,0.13182209377720125,0.038490175127034634,0.2121296282390805,0.06044368328473208,0.13182209377720117,0.03849017512703461
3,0.38888888888888884,0.34399068467239785,0.1380317466054284,0.041236781878708856,0.024501885609839267,1.2897417667237392,0.29989262209392153,0.23927320516475686,0.05527764152391406,5.376622203813964,1.2264906890967269,2.8061613814693134,10.719067280235896,5.238596583966901,0.2730210513942763,0.10779882074367589,0.031687248260933325,0.014253148542964084,0.31280832552780646,0.07273464454333405,0.23927320516475672,0.055277641523914026,0.7575454025089821,0.21857703632057707,0.15593632792753817,0.04624435152400579,0.2525151341696607,0.07285901210685904,0.15593632792753812,0.046244351524005765
3,0.4444444444444444,0.4142796952471995,0.1890723496615941,0.0552387154493394,0.07748775086608259,1.4950415008706177,0.34870512174095036,0.27387923563777555,0.06328700406073354,4.791038858622518,1.078029082869472,2.4879756490358953,9.431239299212768,4.663815068409986,0.282129623093144,0.11682799133923832,0.035488995436911794,0.03273009023488925,0.3626008248689126,0.08457341465481198,0.27387923563777533,0.0632870040607335,0.8839612222298718,0.2568527306596228,0.18064052537417508,0.05405466899149142,0.29465374074329065,0.08561757688654092,0.180640525374175,0.054054668991491396
3,0.5,0.49536449776404584,0.2557103601929986,0.07037411250069468,0.09266953386496729,1.704107711390958,0.39699436447207903,0.30784543971010814,0.07079530669114259,4.348804471081743,0.962551886025064,2.2410224596621395,8.43570230933144,4.2234210083297565,0.2945457729409236,0.13433609071993172,0.039520533686958376,0.0403037296909424,0.41330682891144094,0.09628527632313749,0.3078454397101079,0.07079530669114253,1.0154701364671859,0.296587881872847,0.2058318273346291,0.06203998709929908,0.33849004548906203,0.09886262729094898,0.20583182733462896,0.062039987099299046
4,0.0,2.980983030880297e-15,3.944304526105059e-31,3.696575843747365e-16,0.0,1.5706335181813383e-14,3.1554436208840472e-30,3.0202626746103246e-15,1.1832913578315177e-30,2588112576374267.0,0.5,2588112576374267.5,2588112576374267.5,2588112576374267.5,0.18979494556642504,5.551115123125783e-17,0.02353557211759805,3.469446951953614e-18,3.4274033267146572e-15,1.9721522630525295e-30,3.0202626746103207e-15,0.0,9.202774188256381e-15,0.0,1.9389168707495915e-15,0.0,3.0675913960854615e-15,1.1832913578315177e-30,1.9389168707495907e-15,3.944304526105059e-31
4,0.05555555555555555,0.04105425595308944,0.014991283106032956,0.003972164434135227,0.0012111529527753927,0.20932235334346855,0.03579064820859672,0.040209718197493645,0.006885496858971056,30.73333655281536,6.144912441227893,17.535633274638524,54.29202105479872,30.0562303268458,0.19979401417628506,0.07647150359693845,0.019224179515432985,0.005758167789633041,0.045677882325844625,0.007810159742258576,0.04020971819749362,0.00688549685897105,0.10147090702671574,0.027859870978921043,0.021368950229765767,0.005876661215793517,0.03382363567557191,0.009286623659640348,0.021368950229765753,0.005876661215793514
4,0.1111111111111111,0.08351276931715378,0.03075031869290022,0.008199173683768995,0.002608970723383351,0.42192970061347873,0.0736791293049836,0.08078309782784285,0.014142650713412381,15.427468034688795,3.086054331484217,8.711299264559882,27.49632992169511,15.049631478465889,0.20147817367147813,0.07691406293224809,0.019640203911610348,0.005922964171655243,0.09207260909577723,0.016078104151358404,0.08078309782784278,0.01414265071341237,0.20531362629329447,0.056362525737389375,0.04317773114889892,0.011912960429612745,0.06843787543109817,0.018787508579129794,0.0431777311488989,0.01191296042961274
4,0.16666666666666666,0.12848163165297932,0.04783498309683435,0.012903836099703423,0.0043747335501916965,0.6403567175487792,0.11531939035259818,0.12192809430241036,0.022024279925265178,10.35123483459835,2.0691736597781034,5.796473362096951,18.646491220776465,10.08544788084381,0.20401071742335422,0.07744525599259096,0.02029457642345576,0.006210893039198359,0.13973729190193984,0.025164754066044827,0.12192809430241028,0.02202427992526516,0.31327370913007013,0.08609918444881849,0.06572972414064594,0.01824523703719626,0.10442456971002338,0.02869972814960617,0.06572972414064591,0.018245237037196254
4,0.2222222222222222,0.17680320877114167,0.06674874347260909,0.018285763882678416,0.006737285161702121,0.865999300024504,0.16134753222766476,0.16363012787129877,0.03056515304396119,7.832764657007577,1.5625162569350286,4.36154389696201,14.233698917735055,7.638330745162292,0.20731356047034458,0.07824482588529076,0.021172594169467415,0.006691608365781834,0.18897654019719345,0.03520891807750479,0.16363012787129866,0.030565153043961162,0.42649906124843584,0.11738241114676426,0.0891946917760669,0.024936522654482596,0.1421663537494786,0.03912747038225475,0.08919469177606686,0.024936522654482582
4,0.2777777777777778,0.22916994087808137,0.08798917830551965,0.024569404835568968,0.010039290614604202,1.0990470779537445,0.21082677708838382,0.20564838624717055,0.03948307128826215,6.337901422158272,1.25963320041273,3.521695038634936,11.594437784445894,6.176185683061395,0.21143381760654187,0.07954547984971028,0.02230231319457245,0.007486565450378587,0.23983173462109836,0.04600617450148098,0.20564838624717038,0.039483071288262124,0.5457738612281432,0.1503465009958831,0.11365602335540276,0.031988099178676115,0.18192462040938104,0.05011550033196103,0.11365602335540267,0.0319880991786761
4,0.3333333333333333,0.28648575312318725,0.11286762923862712,0.03208777323694242,0.015063199673681025,1.3386699926738046,0.2614374587284916,0.24756734775907585,0.048248060255898124,5.35552908687052,1.0582710650164415,2.984081102238992,9.840951962123654,5.214382045258576,0.21663554062607893,0.08184736409442778,0.023770806417574005,0.008898681095825894,0.29212174152350906,0.05705033067239077,0.24756734775907566,0.04824806025589808,0.6716924055726108,0.18542236971439702,0.13914667028925143,0.03943569253944606,0.2238974685242036,0.06180745657146566,0.13914667028925135,0.03943569253944604
4,0.38888888888888884,0.35039718650882723,0.14497478882430673,0.04143835466894449,0.02374593845358657,1.5835754743031696,0.3106979376373589,0.2889195711150951,0.056355937940920094,4.666915261328287,0.9145524029622462,2.6306716432809036,8.592874484230107,4.527650812550366,0.22344686642167538,0.08618042665017764,0.025756762536725465,0.011610952195116535,0.3455644990318987,0.0677998484518984,0.28891957111509486,0.05635593794092005,0.8043403720176827,0.2226079611262291,0.16558693634081176,0.04721508746039474,0.2681134573392276,0.07420265370874304,0.1655869363408117,0.047215087460394725
4,0.4444444444444444,0.42422472364438374,0.19281062692431536,0.0541322162741689,0.04331718244491391,1.8322585022991869,0.3578802820150108,0.3292459755817949,0.06369585699354159,4.16301650538631,0.8065854239626632,2.379723441664017,7.6601259677160165,4.030622045548385,0.2328971458150645,0.0949033813469588,0.028752043945091878,0.01823587639785863,0.39983158473868774,0.07809588009837763,0.3292459755817947,0.06369585699354154,0.9425259058198737,0.2601952261975988,0.19263988231179557,0.05495079144718083,0.31417530193995785,0.08673174206586626,0.19263988231179544,0.054950791447180805
4,0.5,0.5119744241530854,0.2725337224137942,0.07197519806810257,0.08411074995610451,2.080770850325359,0.40112372044448846,0.36769872567048956,0.06988287853202203,3.7833286488387134,0.7226951479412389,2.143049954880196,6.937206994868807,3.670257009103956,0.2462452876193429,0.11290731671852187,0.033186268285622204,0.03044406138617264,0.4540614250225517,0.08753237199900829,0.36769872567048933,0.06988287853202198,1.0831446145121795,0.2961553833175458,0.21960563482500595,0.062311633700745654,0.3610482048373931,0.0987184611058486,0.21960563482500584,0.062311633700745626
5,0.0,1.6780004159742939e-15,1.9721522630525295e-31,2.6658020003359936e-16,9.860761315262648e-32,1.1911747717462496e-14,1.5777218104420236e-30,2.2773024006918327e-15,1.1832913578315177e-30,2324314710307271.0,0.5,2324314710307270.5,2324314710307270.5,2324314710307270.5,0.14086937163002228,2.7755575615628914e-17,0.022379604266030213,0.0,2.382349543492499e-15,0.0,2.277302400691829e-15,3.944304526105059e-31,5.5107934559521574e-15,1.5777218104420236e-30,1.161059717905186e-15,0.0,1.836931151984052e-15,0.0,1.1610597179051858e-15,3.944304526105059e-31
5,0.05555555555555555,0.040991552946580925,0.01488976393216162,0.0038319743643008925,0.0011669681285396403,0.24141953809378955,0.037753588449091505,0.04609279782187305,0.007207805586860009,27.326381122622397,4.902598596726621,17.224243987225798,47.24180643508484,26.693543049650764,0.1720713567101901,0.06407105176664947,0.0160269614000805,0.004703970185551386,0.04828390761875791,0.007550717689818302,0.046092797821873005,0.007207805586860002,0.10292942411411167,0.02844424587464168,0.021676181823769274,0.00600063947839607,0.03430980803803722,0.009481415291547226,0.021676181823769264,0.006000639478396067
5,0.1111111111111111,0.08366427799880961,0.030533506142631405,0.007973054111893491,0.002547172124986587,0.4872157718875109,0.07805353770884435,0.09264503413447998,0.014824603624794302,13.720604137992538,2.4655432676183104,8.573379924218376,23.93487361254124,13.399148879117487,0.17389982232185963,0.0643691314352256,0.016486363626674373,0.00491571693080753,0.09744315437750219,0.01561070754176887,0.09264503413447991,0.014824603624794288,0.2092197446906857,0.05738066949110168,0.04400005487440016,0.012133076096544858,0.06973991489689522,0.019126889830367227,0.04400005487440013,0.012133076096544855
5,0.16666666666666666,0.12933009610712334,0.04752280437165759,0.012697126446376456,0.004336150662591679,0.7404417561914447,0.1223706910485032,0.139857569169122,0.023046201354602742,9.210371743623469,1.6562942035083235,5.702715119136004,16.21710582292681,8.983491262029919,0.17670000218945606,0.06483670087971136,0.01721629943312418,0.005264826247417261,0.14808835123828895,0.02447413820970064,0.13985756916912187,0.023046201354602724,0.3211715026717921,0.08733955277203478,0.06739029150834223,0.01852703180280037,0.10705716755726404,0.02911318425734493,0.0673902915083422,0.01852703180280036
5,0.2222222222222222,0.17887813503130842,0.06635716781414763,0.018234086651433414,0.006760059824630828,1.0023749233941912,0.17066463758120212,0.18759360333027955,0.03177971049754237,6.9743067345174,1.2536910958952123,4.2876570343790235,12.395672226749362,6.819026613537261,0.18030884379424109,0.0656610846939624,0.018187040512543787,0.005806102019719163,0.20047498467883826,0.034132927516240426,0.18759360333027938,0.03177971049754234,0.43998572191098084,0.11857436057758433,0.09202456480370824,0.02524435383323201,0.14666190730366024,0.03952478685919478,0.09202456480370819,0.025244353833231994
5,0.2777777777777778,0.23302306164850264,0.08765287272975196,0.02483360566609781,0.01018499275390157,1.2727220198484805,0.22149390891911172,0.23543423141029057,0.040662410544518315,5.648333815289181,1.0133875698316308,3.4570028011651632,10.13204078176273,5.520400100168645,0.1847396884082595,0.06708189786765838,0.019417616690342653,0.0066600741315155235,0.25454440396969613,0.04429878178382234,0.23543423141029035,0.04066241054451828,0.566285060992121,0.15130154607639157,0.11794676435158528,0.03231585735275353,0.18876168699737367,0.05043384869213053,0.11794676435158521,0.03231585735275351
5,0.3333333333333333,0.29280454040032633,0.11316693106136837,0.032883478086615105,0.015532389394119273,1.5501561757504578,0.27284484001016546,0.28280191594762644,0.04922012039543581,4.778023422673142,0.8538235071661052,2.921837662934723,8.646749780928932,4.672820930283658,0.19026389815764588,0.06965191274091215,0.020998077183353298,0.008159242865064923,0.31003123515009157,0.05456896800203309,0.28280191594762616,0.04922012039543577,0.7005095797683375,0.18631650027245755,0.14514859800178606,0.03985397025466495,0.23350319325611246,0.062105500090819186,0.14514859800178595,0.03985397025466493
5,0.38888888888888884,0.36009564974777764,0.14735509429687338,0.04313764430562838,0.025287668944024462,1.8328367967020354,0.3228784818613284,0.3290807714200771,0.057042008230712246,4.1689450348957235,0.7399898288695379,2.5643079452077204,7.605778373460029,4.0792838694270035,0.19740809883337526,0.0745612532760574,0.02313864548015391,0.011164127606624634,0.3665673593404071,0.06457569637226568,0.3290807714200768,0.0570420082307122,0.8423851283221595,0.22414631253189998,0.17346507171068246,0.047881838428046705,0.2807950427740532,0.07471543751063332,0.17346507171068237,0.04788183842804668
5,0.4444444444444444,0.43984045576268455,0.20500993602566642,0.05869352136661034,0.06592841694596868,2.1180346510355794,0.37016454621552275,0.3735646517299633,0.06381771392689886,3.724211651914791,0.6544703711222076,2.293504704843384,6.842122110839286,3.6343813030234706,0.2077233704751735,0.08582884188062269,0.026853115016813447,0.02504143603802059,0.42360693020711593,0.07403290924310454,0.37356465172996295,0.06381771392689879,0.9895170532645382,0.26283752941989696,0.20230102510138423,0.05594861224637668,0.32983901775484603,0.08761250980663234,0.20230102510138415,0.05594861224637665
5,0.5,0.5362933337840154,0.3054852876687911,0.07991370218230102,0.11150398098526834,2.4017042443537107,0.4132362698252616,0.41541052902493664,0.06927068401058627,3.3899877492402193,0.5882025590480437,2.0685119931754605,6.262974874097964,3.319828219100387,0.2221633259481163,0.109467753787858,0.03203693689797072,0.04074386759476173,0.4803408488707422,0.08264725396505233,0.4154105290249363,0.0692706840105862,1.1377627913056294,0.2995286256189755,0.23073049928443232,0.06349907300660794,0.37925426376854304,0.09984287520632516,0.2307304992844322,0.0634990730066079
6,0.0,4.446684773882354e-15,0.0,2.9897509789926195e-16,4.930380657631324e-32,1.9324461917164908e-14,0.0,3.6790242169222785e-15,7.888609052210118e-31,2222548255233316.5,0.75,2222548255233317.2,2222548255233317.2,2222548255233317.2,0.2301065247220465,5.551115123125783e-17,0.015471328473767138,6.938893903907228e-18,3.588462490797498e-15,0.0,3.6790242169222746e-15,0.0,1.38510050602038e-14,3.1554436208840472e-30,2.918244742149369e-15,3.944304526105059e-31,4.617001686734602e-15,7.888609052210118e-31,2.918244742149368e-15,0.0
6,0.05555555555555555,0.04115046982771784,0.01485904005744048,0.0037914646649045646,0.001149189502961587,0.2682961072932644,0.038615387821572145,0.05099947983735512,0.007338221642190469,24.967266307471213,4.190291518825117,16.06732539863621,40.97543387886895,24.424401548986935,0.15483629229773416,0.05609623952666533,0.014217056676153313,0.004061632622629554,0.04982133637540933,0.00717069750036485,0.05099947983735508,0.007338221642190463,0.10375055870475396,0.028668292169588754,0.021849190401343945,0.0060489456482639165,0.03458351956825132,0.009556097389862917,0.02184919040134393,0.006048945648263913
6,0.1111111111111111,0.08435440244881943,0.030522354055612176,0.007966537121048417,0.0025404105116484427,0.5420548808017706,0.08027804299192547,0.10255676788767772,0.01516003754225701,12.54019011973348,2.1075312897905727,8.061980875685476,20.747277159858495,12.264740241949795,0.1569789671770497,0.05633383815899019,0.014752911158712774,0.00429449140714985,0.10065706440100632,0.014907258341577509,0.10255676788767763,0.015160037542256996,0.21202817913456262,0.05767319613141202,0.04459211515541278,0.012203708895355428,0.07067605971152088,0.019224398710470676,0.044592115155412754,0.01220370889535542
6,0.16666666666666666,0.13112462617091455,0.047675971343051876,0.01284078407313695,0.004383270100725317,0.8248656533622091,0.1264521363519655,0.15486629631423512,0.02364352217676365,8.422712209919574,1.4163892620762593,5.378424673799996,14.044172292472183,8.236048177462443,0.16017294715629343,0.05685027084142623,0.015575616587775197,0.004671789488912425,0.15317370645173026,0.02348157222308891,0.154866296314235,0.023643522176763628,0.32754145997995443,0.08770877256454332,0.06873254018916347,0.018636786979302572,0.10918048665998481,0.02923625752151444,0.06873254018916344,0.01863678697930256
6,0.2222222222222222,0.18232390316835775,0.06695156501758315,0.018656925302804335,0.006904422978923712,1.1177945774369609,0.17665709054607967,0.20764869475422387,0.03259281096609105,6.382901062104105,1.0728135306600133,4.0376720992902415,10.721289012836849,6.226456460596573,0.1641454131273321,0.0578785132794243,0.01663819116325044,0.0052442515398835295,0.20756924206963123,0.03280439817032834,0.2076486947542237,0.03259281096609102,0.4513395487492279,0.11910584614719867,0.09441239720409345,0.025429150129208208,0.15044651624974262,0.03970194871573289,0.09441239720409339,0.025429150129208194
6,0.2777777777777778,0.23861851941788784,0.08911296187829658,0.025680876671022968,0.010477528131103475,1.419895486847881,0.22889421567939114,0.26027409867296375,0.04150937954611079,5.174555835856177,0.8678873844483288,3.249346461211857,8.749650100255858,5.042087261110322,0.16890355523067746,0.05965871412382313,0.01795980978761453,0.0061401116480027775,0.263667972606287,0.042504588787355586,0.2602740986729635,0.041509379546110746,0.5837301804191702,0.1521132543324464,0.12160243693245124,0.03260651945060062,0.19457672680639007,0.05070441811081547,0.12160243693245118,0.03260651945060061
6,0.3333333333333333,0.30123919023896734,0.11645630544069938,0.03437181786593209,0.01626628506195517,1.7291306718153683,0.281060236483757,0.31196826025561675,0.0498715205744133,4.382537505708476,0.7318620211853336,2.7404594653363805,7.452932751077495,4.26501307895656,0.17480910741922515,0.0628349715951484,0.019651067337696594,0.007779811238985397,0.32109150485506766,0.05219157566197343,0.31196826025561647,0.04987152057441325,0.724908235960265,0.187950497984596,0.15023349213773723,0.04033532290486237,0.24163607865342163,0.06265016599486534,0.15023349213773715,0.04033532290486235
6,0.38888888888888884,0.37252465669303503,0.15531519420585504,0.04568354031246078,0.02810905672955713,2.0428573979649833,0.3315556450097311,0.36193414117026146,0.0572877794910997,3.829257388895836,0.6348144191208348,2.3979658410992504,6.541282147445237,3.730253656068902,0.18249039200239772,0.06887107096165883,0.02196796044948549,0.011427748795923684,0.37934909536259986,0.06156833762459259,0.3619341411702611,0.05728777949109965,0.8741063848025729,0.2271633308286182,0.1800299449831343,0.04861583136991399,0.291368794934191,0.07572111027620607,0.1800299449831342,0.04861583136991396
6,0.4444444444444444,0.45613329753451365,0.21721930424145236,0.06123435137801987,0.052740371022526863,2.3570858536842736,0.3782357996935347,0.40925119904020935,0.06338083478933505,3.426122708629491,0.5620685963236833,2.1757210922463823,5.869756785738692,3.3406421525350805,0.1929121336159671,0.08061890909775364,0.02529045293777555,0.0183685870960943,0.4376998547122461,0.07023662473475858,0.409251199040209,0.063380834789335,1.0278751281456024,0.26613240735677907,0.2101840430953622,0.05675730630341675,0.34262504271520083,0.0887108024522597,0.2101840430953621,0.05675730630341672
6,0.5,0.5558096732764972,0.3065641813734024,0.0835769140175412,0.10389003814722955,2.668134406415956,0.4199210096173173,0.45319113306103065,0.0680697957204549,3.123687442033904,0.5061430067868677,1.982495220494388,5.3578081736893175,3.0486491663398216,0.20695456714456373,0.10029836004606912,0.030364466469227594,0.035526107626016545,0.4954601209012385,0.07797737388853679,0.4531911330610303,0.06806979572045484,1.1817044967963348,0.3015569060079594,0.23969482762457187,0.06414527345722666,0.3939014989321117,0.10051896866931981,0.23969482762457175,0.06414527345722662
7,0.0,2.914890655733902e-15,7.888609052210118e-31,2.6455917561623285e-16,9.860761315262648e-32,1.231452983587705e-14,1.5777218104420236e-30,2.340595661006554e-15,0.0,2181832867721737.2,0.25,2181832867721737.5,2181832867721737.5,2181832867721737.5,0.23670336542136466,0.0,0.02148349787951046,3.469446951953614e-18,2.1436844880259806e-15,3.944304526105059e-31,2.3405956610065516e-15,0.0,7.217484130248573e-15,3.1554436208840472e-30,1.5206394787306858e-15,0.0,2.40582804341619e-15,0.0,1.5206394787306858e-15,5.9164567891575885e-31
7,0.05555555555555555,0.041193172946220435,0.014922870137724985,0.0037682197855688103,0.0011496029967695204,0.2927181739887797,0.03881418291129114,0.055539908096734376,0.007367926538676742,23.094677440704352,3.601621057018645,15.339172303013452,37.0515321698311,22.577654708060365,0.14175701357630852,0.05111222797203537,0.01292850805679571,0.0037191437645315924,0.050955693583598895,0.0067566819790332655,0.05553990809673432,0.0073679265386767355,0.10439742067931547,0.02877659014811358,0.02198555807308376,0.006072250132879905,0.03479914022643849,0.00959219671603786,0.021985558073083753,0.006072250132879902
7,0.1111111111111111,0.08488389730520678,0.03064602741339416,0.008012800257458225,0.0025590393693720806,0.5919819791681409,0.08093100970931963,0.11172838716950431,0.015258334337234196,11.60464093190799,1.8149467127137795,7.68300284800166,18.76570429028103,11.318312071875662,0.14429671174816866,0.0511953646847251,0.013558205267186419,0.0039412757257271825,0.1030508353016047,0.014088280464326183,0.11172838716950421,0.015258334337234182,0.21463928426131917,0.057750225502812016,0.04514257813664555,0.012227094245022772,0.07154642808710639,0.019250075167604005,0.04514257813664553,0.012227094245022765
7,0.16666666666666666,0.1327891353154086,0.04800871820687424,0.013086441481392992,0.004470831115721342,0.9018651754752126,0.1278946150255144,0.1687324999997562,0.023839759043502957,7.79969664527704,1.2225872866706675,5.171324797738148,12.716522503522723,7.609796803888212,0.14796589654659514,0.051631525893943125,0.014484494451218164,0.004325762231742574,0.15699457573479914,0.022263594792997925,0.1687324999997561,0.023839759043502936,0.33386273362811075,0.08784902182977593,0.07006362728061843,0.01869615403803724,0.11128757787603691,0.029283007276591975,0.0700636272806184,0.018696154038037233
7,0.2222222222222222,0.18570003871423416,0.06770064858095122,0.019239282611834614,0.007110250352484342,1.2229789243782034,0.17875154074883562,0.22607659856465576,0.03280540631193102,5.916244223901,0.9284517631039759,3.9509515643618034,9.723993317635545,5.774861408612325,0.15237370516100157,0.05263812925794114,0.015646854428214833,0.004900557446265368,0.21289330443897828,0.031116649212026715,0.22607659856465556,0.03280540631193099,0.46281892951685094,0.11943961073366051,0.09682385334292484,0.025570962288816203,0.15427297650561697,0.03981320357788684,0.09682385334292479,0.02557096228881619
7,0.2777777777777778,0.24420632712322532,0.09036802359742972,0.02674550316799861,0.010864740034248477,1.5534594818428362,0.23065135905477094,0.2828717324163796,0.04148566722693819,4.801739388166647,0.7532101010267139,3.1825972310152575,7.953670806073825,4.687716887692508,0.157534158306046,0.05437175882203841,0.017064356601491852,0.0057967563381735865,0.2704225852213539,0.04015124792725055,0.2828717324163793,0.041485667226938146,0.601328539961057,0.15273097063856428,0.12528487930777865,0.032857919142637144,0.20044284665368564,0.050910323546188095,0.12528487930777857,0.032857919142637124
7,0.3333333333333333,0.3096903140758915,0.11841745475451045,0.036116055380530594,0.01707726115351637,1.8905125742006528,0.2814974954799439,0.3381509800967283,0.0493836525336269,4.072265778261716,0.6369739978385295,2.684843285784075,6.793980143301327,3.977517945954571,0.1638859341971471,0.057456333324192366,0.018860434695630333,0.00748784617531568,0.3290959974716219,0.04900242417054828,0.338150980096728,0.04938365253362686,0.7491874273972078,0.18913425217983715,0.15528579557392805,0.04074493946734855,0.24972914246573588,0.06304475072661239,0.15528579557392794,0.04074493946734853
7,0.38888888888888884,0.38475303381124937,0.1585429902424375,0.04845764567635457,0.030670338048052324,2.23095137494368,0.33019715797270677,0.39100026916969294,0.05622796202064885,3.563636536185367,0.5540562035117091,2.339721376071185,5.982712933325096,3.4849848379921164,0.1721170856726391,0.0636797096604449,0.02132369213519964,0.011555601560615657,0.3883587859013369,0.05747994726312206,0.3910002691696926,0.0562279620206488,0.9050026081356932,0.2291275670018085,0.1864133086694121,0.04920144402446813,0.3016675360452311,0.0763758556672695,0.18641330866941203,0.0492014440244681
7,0.4444444444444444,0.474970964512426,0.2284296508802027,0.0655099184550422,0.05537605123795455,2.570787275203416,0.3756784552382476,0.44050929745115003,0.0617913412527472,3.193878079625248,0.49204988131381255,2.071673712023415,5.388646521580801,3.125242213141069,0.1836893206942155,0.07779589179538482,0.024827850046621903,0.01826199467880076,0.44751662282814625,0.0653972248809317,0.4405092974511497,0.06179134125274714,1.0648550864368995,0.26937448766398703,0.21775597260855478,0.05754495320541629,0.3549516954789665,0.08979149588799568,0.21775597260855467,0.05754495320541626
7,0.5,0.5779200967784232,0.3083847363183727,0.09168910488989189,0.12592433172615444,2.905611410272791,0.4161091954728401,0.48587358289667976,0.0658918720839452,2.9171257887934336,0.4446512340936292,1.8753918944394052,4.938754865875834,2.85614455250579,0.19728453781513497,0.09288429219816258,0.030601914008276325,0.03986803670592339,0.505802023418417,0.07243531336952326,0.4858735828966793,0.06589187208394515,1.2227832083909675,0.3047836595121844,0.24802544158783726,0.06486726946928058,0.4075944027969891,0.10159455317072812,0.24802544158783715,0.06486726946928055
8,0.0,4.1454496292982384e-15,0.0,3.624652308918993e-16,9.860761315262648e-32,1.7599307266514786e-14,6.310887241768095e-30,3.342839860703813e-15,3.944304526105059e-31,2127475570011388.5,0.0,2127475570011388.5,2127475570011388.5,2127475570011388.5,0.23554618181964213,5.551115123125783e-17,0.020595426024610727,0.0,2.893308291890846e-15,0.0,3.342839860703809e-15,7.888609052210118e-31,8.1562375871054e-15,1.5777218104420236e-30,1.7184238508928224e-15,0.0,2.718745862368465e-15,1.1832913578315177e-30,1.718423850892822e-15,3.944304526105059e-31
8,0.05555555555555555,0.04135957880820947,0.01491864122553315,0.003770978442586532,0.0011554984960642641,0.3139857517312661,0.03951677633624391,0.05952378253559653,0.007496955677899418,21.575474487985964,3.1548708595186894,14.912867452334531,33.35780469166494,21.163392476804407,0.1325852931761495,0.047712078243623904,0.01205298318203818,0.0035022988104840276,0.051618939612931486,0.0064965180112508064,0.05952378253559647,0.007496955677899409,0.10492861793996598,0.028900866375465725,0.022097626768170092,0.006099178861867386,0.03497620597998866,0.009633622125155242,0.02209762676817008,0.006099178861867382
8,0.1111111111111111,0.08575206345287205,0.030722036771793474,0.008118179946612465,0.0026096266732132697,0.6357921917208483,0.08265324687203274,0.1198196615595799,0.015568363100180341,10.845643747015373,1.5918088619124475,7.476522019242697,16.877465852157272,10.618646233962455,0.13558517909339124,0.047773694605435624,0.012776684145285287,0.003747662233684993,0.10452359245556105,0.013588110083261874,0.11981966155957978,0.015568363100180324,0.21720128323152102,0.05784229360498216,0.04568307254548862,0.012254914674663856,0.07240042774384034,0.01928076453499405,0.0456830725454886,0.012254914674663848
8,0.16666666666666666,0.13499907268851877,0.04840197351983686,0.013434051724980562,0.004630247024005336,0.9697306580763526,0.1309605566292054,0.18097941686325014,0.024369228656119256,7.294568079995408,1.0740218554128884,4.933390986413269,11.414545839599509,7.140524645350517,0.13972049190677371,0.048302439881074105,0.013811456249223548,0.00416311747118876,0.1594227381467101,0.021529782886787262,0.18097941686324998,0.02436922865611923,0.34024067781696266,0.08779459456474856,0.07140707850719678,0.018714471110591536,0.1134135592723209,0.029264864854916188,0.07140707850719676,0.018714471110591525
8,0.2222222222222222,0.18974169059204918,0.06860695842535071,0.01997187628642178,0.007442882816869726,1.3157442018241567,0.18279476507343817,0.24229156155469214,0.03343319631026606,5.53837355437312,0.8171828473812984,3.682833880606752,8.705139499965146,5.415841628761099,0.14452044688046606,0.04949963961286587,0.015080103187537922,0.004772614639717286,0.21630701433278698,0.030051274262793932,0.24229156155469192,0.033433196310266027,0.4743357932407832,0.11911906963573624,0.09924206439546912,0.025562839677657014,0.15811193108026106,0.03970635654524541,0.09924206439546907,0.025562839677657004
8,0.2777777777777778,0.2504874801448397,0.09209948080706953,0.028020856016399018,0.011519284847438704,1.671108548156457,0.2349024242332146,0.3026226102832942,0.04198712935986002,4.500457868287176,0.6643227044772432,2.9511933716182046,7.096390428429031,4.407754407416271,0.15002198549216836,0.05155580025359795,0.01660498023131798,0.005747517487773134,0.2747285529942474,0.0386177206595139,0.3026226102832939,0.04198712935985999,0.6188302472719981,0.15234565329940936,0.12894141836323983,0.03285788063927181,0.20627674909066604,0.05078188443313646,0.12894141836323975,0.032857880639271794
8,0.3333333333333333,0.318847331382836,0.12236030951686652,0.03819891320656693,0.018954955282028747,2.032346470275542,0.2856523846236535,0.360833322840494,0.049614531868203464,3.82223404241373,0.5630045447695743,2.47968028105609,6.084210081612348,3.745318673025555,0.1567599942606891,0.055359147769574166,0.018539062019930396,0.007800131363159054,0.3341157015669165,0.04696096275348906,0.3608333228404937,0.049614531868203415,0.773188291312097,0.1893184616570171,0.1602658919750906,0.04084743076851533,0.2577294304373657,0.06310615388567237,0.16026589197509053,0.040847430768515304
8,0.38888888888888884,0.3978432865563104,0.16882268616452242,0.05175396233219584,0.03542108367679179,2.3953996938707194,0.33370331969666295,0.4158476950774729,0.05599031256006974,3.3503233279311293,0.49080388298349303,2.1576153247154477,5.403536682390897,3.2817379238875777,0.16549363856622165,0.06312223101174384,0.021179307172892358,0.012444674684720223,0.3938012838639092,0.05486048781856729,0.41584769507747255,0.05599031256006969,0.9352210747781088,0.23020830791301328,0.1926349405157261,0.04944509313058873,0.3117403582593696,0.07673610263767108,0.19263494051572602,0.0494450931305887
8,0.4444444444444444,0.49392208630508494,0.2628173844418024,0.07066245992526762,0.07232274339284753,2.7557478417008343,0.37759316268083337,0.466708042402847,0.06089879246903691,3.007956587022879,0.4370249552356581,1.9298593018966703,4.9214759179241305,2.9521679963822187,0.17779271247789466,0.08274646278400127,0.024916568510104813,0.021625145681080423,0.4530421544445412,0.062075933558156035,0.4667080424028466,0.060898792469036844,1.0990884031851382,0.2694446621787127,0.22474964860007132,0.05759375588431221,0.3663628010617127,0.08981488739290425,0.22474964860007118,0.05759375588431218
8,0.5,0.5971742869037067,0.3302251356965245,0.09251884179504151,0.09860621430750179,3.1102172238103516,0.4171258181472229,0.5128815425412317,0.06445615221229761,2.751952013209989,0.39637013245615615,1.76591675250469,4.574849612803435,2.6926450958636403,0.1902297104103035,0.09249418764824484,0.02886859286388039,0.027090678997357395,0.5113165618941017,0.06857506208232207,0.5128815425412313,0.06445615221229753,1.2597181193530358,0.3032187532950933,0.2555207704421719,0.06469423433166098,0.41990603978434526,0.1010729177650311,0.2555207704421718,0.06469423433166095
9,0.0,2.3880356638347105e-15,3.944304526105059e-31,2.319543846556639e-16,0.0,1.1022978125670326e-14,1.5777218104420236e-30,2.0925646422386628e-15,0.0,2108738223159065.0,1.0,2108738223159066.0,2108738223159066.0,2108738223159066.0,0.21664160416625078,5.551115123125783e-17,0.021042805493325652,1.0408340855860843e-17,1.7214999611017506e-15,1.9721522630525295e-31,2.0925646422386604e-15,0.0,6.06658315180276e-15,1.5777218104420236e-30,1.2781581053945452e-15,1.9721522630525295e-31,2.022194383934252e-15,7.888609052210118e-31,1.2781581053945444e-15,0.0
9,0.05555555555555555,0.04157745406504923,0.014920290043194045,0.0037852181768623394,0.0011520502393550934,0.33368605879776037,0.03951794797029939,0.06320984871675087,0.007493526012088333,20.318008869076884,2.778823069561042,14.220900860018126,31.61873747917505,19.93463443962808,0.12527605215013657,0.0446187905696969,0.011374521814259434,0.003282590199590271,0.05211300709222883,0.00617166659663986,0.0632098487167508,0.007493526012088325,0.10539029323081675,0.028878223087496317,0.022194959048737025,0.006094893526351169,0.035130097743605586,0.009626074362498772,0.022194959048737015,0.0060948935263511654
9,0.1111111111111111,0.0867164595433689,0.030760663397313277,0.008238303280425298,0.002633826432792573,0.6763387001540718,0.08303143960944534,0.1272828584843335,0.015625609989211222,10.217332766316177,1.4044789863266194,7.240579085865246,15.90643957815166,10.044287440534095,0.12874456175296942,0.044676879692101594,0.012176539541300007,0.0035536282806603323,0.10562635911391136,0.012967332278833689,0.12728285848433335,0.015625609989211205,0.21945325172741956,0.057752968577314656,0.04615779547966226,0.01224299797442751,0.07315108390913985,0.01925098952577155,0.04615779547966224,0.012242997974427504
9,0.16666666666666666,0.13728754090147138,0.04861533810815179,0.013776981218972943,0.004733133676641393,1.0323018387920744,0.1317745512665003,0.19219312828694043,0.02447838815557605,6.876127195187508,0.9496642593656878,4.854659255032757,10.688103832528581,6.76832553988223,0.1333192516721125,0.04526527292069545,0.01329252720970524,0.003997065899928791,0.16121846156868366,0.02057972739247234,0.19219312828694018,0.024478388155576025,0.345736733670162,0.0877934756173101,0.07256393596714196,0.018740145779522082,0.11524557789005399,0.0292644918724367,0.07256393596714193,0.01874014577952207
9,0.2222222222222222,0.19379505846327086,0.06896039491540869,0.020644685143180692,0.007663090304874912,1.4007473761856952,0.1834365766801569,0.25697637495196873,0.033446137957506505,5.224960596285581,0.724337196342989,3.632357028723262,8.093010477340496,5.133171157811886,0.13849241658245884,0.04644663899013105,0.014631389543685551,0.004627963259455926,0.21875998719451448,0.028647980248107854,0.2569763749519685,0.03344613795750647,0.4839692729181392,0.11927635012913564,0.10126426013597961,0.025653957618629198,0.16132309097271302,0.039758783376378545,0.10126426013597957,0.025653957618629184
9,0.2777777777777778,0.25675770481159726,0.09253874691379207,0.02914135317899423,0.01200297431576121,1.7781378820769127,0.23436665836765697,0.32027294467690215,0.04168017070745005,4.250124610098208,0.5903850055372724,2.9186812989766486,6.5469654962653445,4.177022761678719,0.14437427352060933,0.048454109667253484,0.01622429499524611,0.005673948353743945,0.27769848220059007,0.03660192269853874,0.32027294467690187,0.04168017070745001,0.6330108479737744,0.15267038007890393,0.13190637435115435,0.0330234068023694,0.2110036159912581,0.05089012669296797,0.1319063743511543,0.033023406802369384
9,0.3333333333333333,0.32816868556180556,0.1241640217360468,0.03999012002842207,0.020882625224591975,2.1605768555827125,0.2833206905235759,0.3808322809353848,0.048842450707987296,3.6140186757274306,0.501655843754567,2.4599831614282395,5.573800130891437,3.5596410788397295,0.15163495484001202,0.05262334785085188,0.01825700196211153,0.008182799288538569,0.3374254153858077,0.04424725805994439,0.38083228093538435,0.04884245070798725,0.7919290617171305,0.18977138764582221,0.16416616396073272,0.041091290643819015,0.26397635390571017,0.06325712921527407,0.16416616396073266,0.041091290643818994
9,0.38888888888888884,0.41148900026385843,0.1741056152837022,0.05437932258433384,0.038781975502362946,2.544164768533565,0.32977521456499065,0.4376110929541353,0.05477631739300617,3.1722055633281454,0.43852938496801885,2.1477961331501683,4.935177596140497,3.1234092190020304,0.16108221738998355,0.061343419698401486,0.020975334280833643,0.013038326463009018,0.39733178276634157,0.05150223583623682,0.43761109295413486,0.05477631739300611,0.9579814447341299,0.2296743412634624,0.19734994645424644,0.04960364617663248,0.31932714824471,0.07655811375448747,0.19734994645424636,0.04960364617663245
9,0.4444444444444444,0.5140428913438423,0.2840225082117016,0.07317609961253535,0.06252715081512923,2.9245383574719535,0.3722575057708494,0.48971728997865294,0.0593214343672411,2.8522885207971362,0.39172247748925315,1.9280801914002395,4.477023061236826,2.813037690156677,0.17441213231242825,0.0859117246694889,0.02444566716508059,0.01853292680819558,0.45673615707392,0.05813685506750303,0.4897172899786525,0.05932143436724104,1.1255410185228585,0.2679926536767325,0.23020058901984333,0.05771456909092842,0.3751803395076194,0.08933088455891082,0.2302005890198432,0.05771456909092839
9,0.5,0.6239677707539973,0.3510142906584083,0.09795246946349848,0.10659794969748569,3.2982811957444325,0.41014621568014675,0.5366239489605567,0.062443433896051136,2.6135047206427817,0.3565718748920093,1.770908995866988,4.140910481297033,2.576187859537333,0.18754115291949672,0.09421416799551972,0.028940497403409905,0.028661392475371302,0.5151049821058579,0.06405407742714411,0.5366239489605562,0.06244343389605108,1.2896587079507158,0.30053506524922563,0.2616369128960067,0.06463832586931308,0.42988623598357184,0.10017835508307521,0.2616369128960066,0.06463832586931303
10,0.0,5.013568556731337e-15,1.5777218104420236e-30,4.919242455248957e-16,9.860761315262648e-32,2.6047682303003646e-14,3.1554436208840472e-30,4.9430121985314276e-15,1.5777218104420236e-30,2149878232081640.8,0.5,2149878232081641.2,2149878232081641.2,2149878232081641.2,0.19247657040692667,0.0,0.018885528462859447,3.469446951953614e-18,3.882959219055627e-15,7.888609052210118e-31,4.943012198531419e-15,1.5777218104420236e-30,1.4171420943180276e-14,1.5777218104420236e-30,2.9857526205836793e-15,3.944304526105059e-31,4.723806981060092e-15,7.888609052210118e-31,2.985752620583677e-15,7.888609052210118e-31
10,0.05555555555555555,0.041697019073142244,0.014965786664496095,0.00380114281583471,0.001157967864428878,0.3526096441507432,0.03986936550850288,0.06675603994611365,0.00755481596486856,19.247177478882303,2.4737677598561754,13.493951900200445,28.02143987643644,19.01355024592214,0.11874824775550633,0.04199298108842188,0.010801154025976676,0.003120216162486366,0.052563942256204844,0.005943374099786528,0.06675603994611358,0.007554815964868552,0.10581982513982233,0.028848053394350013,0.022285594538190977,0.006089388492837274,0.03527327504660745,0.009616017798116671,0.022285594538190963,0.00608938849283727
10,0.1111111111111111,0.08745855700196889,0.030969312432155574,0.008365107144405812,0.0026692225993851675,0.7152908717557243,0.08418410375761812,0.1344487073321115,0.01581028049957788,9.682727004449692,1.25198257466188,6.875116293538318,14.240603370590536,9.568256093453893,0.1225998207153056,0.042053521816798056,0.011679300439937137,0.003393928380015859,0.10662926752872558,0.012549425241795305,0.13444870733211137,0.015810280499577858,0.22183970431130973,0.057534088512654506,0.046661066651908396,0.01220382569328822,0.07394656810376989,0.01917802950421817,0.046661066651908376,0.012203825693288215
10,0.16666666666666666,0.13924681247761145,0.04910084138049372,0.014133552120281652,0.004809965480754197,1.0923840291542124,0.13363098694678502,0.20291796664233072,0.024724808377159298,6.520514214735751,0.8480797838781774,4.692820656212968,9.677418579110167,6.439607614838799,0.1275924192824385,0.042665694241276794,0.01287637713886932,0.0038343845550836203,0.16284299644826203,0.01992053138089322,0.2029179666423305,0.02472480837715927,0.3516929628974889,0.08735088941644227,0.07381800548868904,0.018670518157466173,0.11723098763249633,0.029116963138814088,0.07381800548868901,0.018670518157466162
10,0.2222222222222222,0.1974842795692271,0.06982428236236898,0.02133936269523127,0.007789641609855052,1.4823413677201467,0.1855731519689385,0.2709517540729423,0.03361894201193641,4.959011077053245,0.6481997448921542,3.552196765646351,7.419600135635842,4.895937891830378,0.1331622413092637,0.04388179753989101,0.01428637750283983,0.004463084387724983,0.2209744042721507,0.027663612173429695,0.2709517540729421,0.03361894201193637,0.4944728675835536,0.11877986543308297,0.10346978741485865,0.025601400994053246,0.16482428919451783,0.039593288477694326,0.10346978741485861,0.025601400994053232
10,0.2777777777777778,0.26270955042496824,0.09390727646875485,0.030290232846338184,0.012289450387470556,1.8809442037016608,0.23674057988287556,0.3369897772305927,0.04170798484404908,4.038094265152975,0.5294661979816283,2.865480467918229,6.0850710393539345,3.9884185929264167,0.13944773009640302,0.04591746252615425,0.015943649107488835,0.005539274943324628,0.2803946067574084,0.035291201976721934,0.33698977723059237,0.041707984844049036,0.6484761587559592,0.1526160328422148,0.1351415004351378,0.0330980843436388,0.21615871958531974,0.05087201094740493,0.1351415004351377,0.03309808434363878
10,0.3333333333333333,0.3371891657676232,0.12686060723057643,0.04181555621027523,0.022133118821871734,2.2838320015209206,0.2859152319394753,0.39966991819808684,0.04867135038093085,3.4380373111497256,0.4508207951719841,2.4220765651110523,5.213459636567117,3.3899005644399702,0.14719259261006615,0.05036935020606018,0.018064842570295826,0.008307160023771052,0.3404535736393455,0.04262172629461906,0.3996699181980865,0.048671350380930796,0.8122711288651329,0.19062298572072672,0.16840266657413824,0.04140344439953211,0.2707570429550443,0.06354099524024223,0.16840266657413816,0.04140344439953209
10,0.38888888888888884,0.42515053308462464,0.1846855767617029,0.05715918407231345,0.0421479591938265,2.6867832439557047,0.33215573675265253,0.4579127717743928,0.05434993975944677,3.022047794280619,0.3948384849616462,2.117988119785389,4.607699015937103,2.980665942298866,0.15738158929392312,0.061408631161189754,0.020891687381602922,0.013634776871290567,0.4005219982861571,0.049514853766363755,0.4579127717743924,0.054349939759446714,0.9823813304607536,0.23054821839385778,0.2024066597708951,0.05001769016654535,0.3274604434869179,0.07684940613128594,0.20240665977089498,0.05001769016654532
10,0.4444444444444444,0.5312321687314289,0.28127734291102907,0.07771305329034045,0.07611190806468979,3.085265955304325,0.3741866587780438,0.51084683508966,0.05862510680077333,2.7213767109790097,0.3534752182567401,1.901275179755391,4.169363856638937,2.6827890065060354,0.17075078313757303,0.08086215534484284,0.024624643049657165,0.02155593914462799,0.45992429364841997,0.05578045368674828,0.5108468350896594,0.05862510680077328,1.1531460409202814,0.26837827704796235,0.23588434663420718,0.05811285675496025,0.38438201364009383,0.08945942568265412,0.23588434663420707,0.05811285675496022
10,0.5,0.6438827786183935,0.35361712482843194,0.10513199683436823,0.12469062057589657,3.4764212976280064,0.4118878938457564,0.5581033367805229,0.06147647059218144,2.4973160925454763,0.3225883688057791,1.7431751466993346,3.8437099315882617,2.463172246236131,0.183601753202091,0.09093801484951873,0.029638358723997223,0.03469467397900642,0.5182342893282833,0.06140062198322191,0.5581033367805224,0.06147647059218138,1.3194857772101323,0.30071146485905237,0.2677156894432013,0.06496708920567643,0.4398285924033774,0.10023715495301747,0.2677156894432012,0.06496708920567638
